fileName,movLength*4,aBiggerThanThree,aBiggerThanThreePercentage,aZero,aZeroPercentage,bNotZero,bNotZeroPercentage
movement_0_0_0.csv,2000,0,0.0,0,0.0,0,0.0
movement_0_0_1.csv,2000,0,0.0,1,0.05,0,0.0
movement_0_0_2.csv,2000,0,0.0,0,0.0,0,0.0
movement_0_0_3.csv,2000,0,0.0,0,0.0,0,0.0
movement_0_0_4.csv,2000,0,0.0,0,0.0,0,0.0
movement_0_0_5.csv,2000,0,0.0,0,0.0,0,0.0
movement_0_0_6.csv,2000,0,0.0,0,0.0,2000,100.0
movement_0_0_7.csv,2000,0,0.0,0,0.0,0,0.0
movement_0_0_8.csv,2000,0,0.0,0,0.0,0,0.0
movement_0_0_9.csv,2000,0,0.0,27,1.35,992,49.6
movement_0_0_10.csv,2000,0,0.0,0,0.0,0,0.0
movement_0_0_11.csv,2000,0,0.0,0,0.0,979,48.949999999999996
movement_0_0_12.csv,2000,0,0.0,1,0.05,1013,50.64999999999999
movement_0_0_13.csv,2000,0,0.0,0,0.0,0,0.0
movement_0_0_14.csv,2000,0,0.0,0,0.0,0,0.0
movement_0_0_15.csv,2000,0,0.0,0,0.0,0,0.0
movement_0_0_16.csv,2000,0,0.0,55,2.75,1052,52.6
movement_0_0_17.csv,2000,0,0.0,0,0.0,0,0.0
movement_0_0_18.csv,2000,0,0.0,0,0.0,0,0.0
movement_0_0_19.csv,2000,0,0.0,0,0.0,0,0.0
movement_0_0_20.csv,2000,0,0.0,0,0.0,0,0.0
movement_0_0_21.csv,2000,0,0.0,134,6.7,1017,50.849999999999994
movement_0_0_22.csv,2000,0,0.0,0,0.0,0,0.0
movement_0_0_23.csv,2000,0,0.0,0,0.0,2000,100.0
movement_0_0_24.csv,2000,0,0.0,0,0.0,0,0.0
movement_0_0_25.csv,2000,0,0.0,0,0.0,0,0.0
movement_0_0_26.csv,2000,0,0.0,0,0.0,0,0.0
movement_0_0_27.csv,2000,0,0.0,2,0.1,0,0.0
movement_0_0_28.csv,2000,0,0.0,0,0.0,0,0.0
movement_0_0_29.csv,2000,0,0.0,0,0.0,0,0.0
movement_0_0_30.csv,2000,0,0.0,0,0.0,0,0.0
movement_0_0_31.csv,2000,0,0.0,0,0.0,0,0.0
movement_0_0_32.csv,2000,0,0.0,0,0.0,0,0.0
movement_0_0_33.csv,2000,0,0.0,0,0.0,0,0.0
movement_0_0_34.csv,2000,0,0.0,105,5.25,0,0.0
movement_0_0_35.csv,2000,0,0.0,0,0.0,0,0.0
movement_0_0_36.csv,2000,0,0.0,0,0.0,0,0.0
movement_0_0_37.csv,2000,0,0.0,0,0.0,0,0.0
movement_0_0_38.csv,2000,0,0.0,0,0.0,0,0.0
movement_0_0_39.csv,2000,0,0.0,0,0.0,0,0.0
movement_0_0_40.csv,2000,0,0.0,0,0.0,0,0.0
movement_0_0_41.csv,2000,0,0.0,35,1.7500000000000002,982,49.1
movement_0_0_42.csv,2000,0,0.0,0,0.0,2000,100.0
movement_0_0_43.csv,2000,0,0.0,202,10.100000000000001,0,0.0
movement_0_0_44.csv,2000,0,0.0,116,5.800000000000001,0,0.0
movement_0_0_45.csv,2000,0,0.0,0,0.0,0,0.0
movement_0_0_46.csv,2000,0,0.0,0,0.0,975,48.75
movement_0_0_47.csv,2000,0,0.0,0,0.0,0,0.0
movement_0_0_48.csv,2000,0,0.0,0,0.0,0,0.0
movement_0_0_49.csv,2000,0,0.0,0,0.0,0,0.0
movement_0_0_50.csv,2000,0,0.0,0,0.0,1998,99.9
movement_0_0_51.csv,2000,0,0.0,122,6.1,1010,50.5
movement_0_0_52.csv,2000,0,0.0,0,0.0,0,0.0
movement_0_0_53.csv,2000,0,0.0,0,0.0,0,0.0
movement_0_0_54.csv,2000,0,0.0,0,0.0,0,0.0
movement_0_0_55.csv,2000,0,0.0,0,0.0,0,0.0
movement_0_0_56.csv,2000,0,0.0,0,0.0,0,0.0
movement_0_0_57.csv,2000,0,0.0,0,0.0,0,0.0
movement_0_0_58.csv,2000,0,0.0,0,0.0,0,0.0
movement_0_0_59.csv,2000,0,0.0,0,0.0,0,0.0
movement_0_0_60.csv,2000,0,0.0,0,0.0,0,0.0
movement_0_0_61.csv,2000,0,0.0,0,0.0,0,0.0
movement_0_0_62.csv,2000,0,0.0,0,0.0,1024,51.2
movement_0_0_63.csv,2000,0,0.0,0,0.0,0,0.0
movement_0_0_64.csv,2000,0,0.0,50,2.5,0,0.0
movement_0_0_65.csv,2000,0,0.0,0,0.0,0,0.0
movement_0_0_66.csv,2000,0,0.0,0,0.0,0,0.0
movement_0_0_67.csv,2000,0,0.0,0,0.0,0,0.0
movement_0_0_68.csv,2000,0,0.0,11,0.5499999999999999,0,0.0
movement_0_0_69.csv,2000,0,0.0,0,0.0,1000,50.0
movement_0_0_70.csv,2000,0,0.0,0,0.0,0,0.0
movement_0_0_71.csv,2000,0,0.0,0,0.0,0,0.0
movement_0_0_72.csv,2000,0,0.0,156,7.8,1472,73.6
movement_0_0_73.csv,2000,0,0.0,0,0.0,0,0.0
movement_0_0_74.csv,2000,0,0.0,0,0.0,1382,69.1
movement_0_0_75.csv,2000,0,0.0,0,0.0,0,0.0
movement_0_0_76.csv,2000,0,0.0,0,0.0,469,23.45
movement_0_0_77.csv,2000,0,0.0,0,0.0,0,0.0
movement_0_0_78.csv,2000,0,0.0,0,0.0,0,0.0
movement_0_0_79.csv,2000,0,0.0,0,0.0,0,0.0
movement_0_0_80.csv,2000,0,0.0,0,0.0,998,49.9
movement_0_0_81.csv,2000,0,0.0,0,0.0,0,0.0
movement_0_0_82.csv,2000,0,0.0,0,0.0,0,0.0
movement_0_0_83.csv,2000,0,0.0,0,0.0,2000,100.0
movement_0_0_84.csv,2000,0,0.0,0,0.0,0,0.0
movement_0_0_85.csv,2000,0,0.0,131,6.550000000000001,1505,75.25
movement_0_0_86.csv,2000,0,0.0,0,0.0,0,0.0
movement_0_0_87.csv,2000,0,0.0,0,0.0,977,48.85
movement_0_0_88.csv,2000,0,0.0,0,0.0,0,0.0
movement_0_0_89.csv,2000,0,0.0,0,0.0,0,0.0
movement_0_0_90.csv,2000,0,0.0,0,0.0,0,0.0
movement_0_0_91.csv,2000,0,0.0,0,0.0,0,0.0
movement_0_0_92.csv,2000,0,0.0,0,0.0,0,0.0
movement_0_0_93.csv,2000,0,0.0,0,0.0,0,0.0
movement_0_0_94.csv,2000,0,0.0,124,6.2,0,0.0
movement_0_0_95.csv,2000,0,0.0,0,0.0,0,0.0
movement_0_0_96.csv,2000,0,0.0,0,0.0,0,0.0
movement_0_0_97.csv,2000,0,0.0,129,6.45,0,0.0
movement_0_0_98.csv,2000,0,0.0,0,0.0,0,0.0
movement_0_0_99.csv,2000,0,0.0,0,0.0,0,0.0
movement_0_1_0.csv,2000,0,0.0,0,0.0,0,0.0
movement_0_1_1.csv,2000,0,0.0,0,0.0,1005,50.24999999999999
movement_0_1_2.csv,2000,0,0.0,0,0.0,0,0.0
movement_0_1_3.csv,2000,0,0.0,0,0.0,2000,100.0
movement_0_1_4.csv,2000,0,0.0,0,0.0,631,31.55
movement_0_1_5.csv,2000,0,0.0,42,2.1,997,49.85
movement_0_1_6.csv,2000,0,0.0,0,0.0,0,0.0
movement_0_1_7.csv,2000,0,0.0,0,0.0,1465,73.25
movement_0_1_8.csv,2000,0,0.0,0,0.0,1739,86.95
movement_0_1_9.csv,2000,0,0.0,0,0.0,1248,62.4
movement_0_1_10.csv,2000,0,0.0,0,0.0,0,0.0
movement_0_1_11.csv,2000,0,0.0,0,0.0,1473,73.65
movement_0_1_12.csv,2000,0,0.0,0,0.0,0,0.0
movement_0_1_13.csv,2000,0,0.0,0,0.0,0,0.0
movement_0_1_14.csv,2000,0,0.0,0,0.0,0,0.0
movement_0_1_15.csv,2000,0,0.0,0,0.0,0,0.0
movement_0_1_16.csv,2000,0,0.0,0,0.0,0,0.0
movement_0_1_17.csv,2000,0,0.0,0,0.0,2000,100.0
movement_0_1_18.csv,2000,0,0.0,6,0.3,1461,73.05
movement_0_1_19.csv,2000,0,0.0,20,1.0,126,6.3
movement_0_1_20.csv,2000,0,0.0,0,0.0,1026,51.300000000000004
movement_0_1_21.csv,2000,0,0.0,0,0.0,2000,100.0
movement_0_1_22.csv,2000,0,0.0,0,0.0,0,0.0
movement_0_1_23.csv,2000,0,0.0,0,0.0,0,0.0
movement_0_1_24.csv,2000,0,0.0,0,0.0,0,0.0
movement_0_1_25.csv,2000,0,0.0,0,0.0,0,0.0
movement_0_1_26.csv,2000,0,0.0,0,0.0,682,34.1
movement_0_1_27.csv,2000,0,0.0,0,0.0,0,0.0
movement_0_1_28.csv,2000,0,0.0,11,0.5499999999999999,0,0.0
movement_0_1_29.csv,2000,0,0.0,0,0.0,0,0.0
movement_0_1_30.csv,2000,0,0.0,0,0.0,0,0.0
movement_0_1_31.csv,2000,0,0.0,0,0.0,0,0.0
movement_0_1_32.csv,2000,0,0.0,0,0.0,0,0.0
movement_0_1_33.csv,2000,0,0.0,0,0.0,0,0.0
movement_0_1_34.csv,2000,0,0.0,0,0.0,0,0.0
movement_0_1_35.csv,2000,0,0.0,64,3.2,1681,84.05
movement_0_1_36.csv,2000,0,0.0,0,0.0,0,0.0
movement_0_1_37.csv,2000,0,0.0,0,0.0,0,0.0
movement_0_1_38.csv,2000,0,0.0,0,0.0,0,0.0
movement_0_1_39.csv,2000,0,0.0,0,0.0,2000,100.0
movement_0_1_40.csv,2000,0,0.0,0,0.0,0,0.0
movement_0_1_41.csv,2000,0,0.0,0,0.0,0,0.0
movement_0_1_42.csv,2000,0,0.0,0,0.0,0,0.0
movement_0_1_43.csv,2000,0,0.0,0,0.0,0,0.0
movement_0_1_44.csv,2000,0,0.0,0,0.0,0,0.0
movement_0_1_45.csv,2000,0,0.0,0,0.0,389,19.45
movement_0_1_46.csv,2000,0,0.0,0,0.0,1149,57.45
movement_0_1_47.csv,2000,0,0.0,0,0.0,0,0.0
movement_0_1_48.csv,2000,0,0.0,0,0.0,1498,74.9
movement_0_1_49.csv,2000,0,0.0,0,0.0,1805,90.25
movement_0_1_50.csv,2000,0,0.0,0,0.0,0,0.0
movement_0_1_51.csv,2000,0,0.0,5,0.25,0,0.0
movement_0_1_52.csv,2000,0,0.0,0,0.0,0,0.0
movement_0_1_53.csv,2000,0,0.0,0,0.0,0,0.0
movement_0_1_54.csv,2000,0,0.0,0,0.0,0,0.0
movement_0_1_55.csv,2000,0,0.0,0,0.0,1026,51.300000000000004
movement_0_1_56.csv,2000,0,0.0,0,0.0,1301,65.05
movement_0_1_57.csv,2000,0,0.0,0,0.0,0,0.0
movement_0_1_58.csv,2000,0,0.0,0,0.0,0,0.0
movement_0_1_59.csv,2000,0,0.0,0,0.0,1724,86.2
movement_0_1_60.csv,2000,0,0.0,36,1.7999999999999998,1146,57.3
movement_0_1_61.csv,2000,0,0.0,0,0.0,368,18.4
movement_0_1_62.csv,2000,0,0.0,0,0.0,0,0.0
movement_0_1_63.csv,2000,0,0.0,0,0.0,0,0.0
movement_0_1_64.csv,2000,0,0.0,0,0.0,193,9.65
movement_0_1_65.csv,2000,0,0.0,0,0.0,2000,100.0
movement_0_1_66.csv,2000,0,0.0,0,0.0,0,0.0
movement_0_1_67.csv,2000,0,0.0,0,0.0,0,0.0
movement_0_1_68.csv,2000,0,0.0,0,0.0,0,0.0
movement_0_1_69.csv,2000,0,0.0,0,0.0,0,0.0
movement_0_1_70.csv,2000,0,0.0,0,0.0,0,0.0
movement_0_1_71.csv,2000,0,0.0,0,0.0,1057,52.849999999999994
movement_0_1_72.csv,2000,0,0.0,0,0.0,1524,76.2
movement_0_1_73.csv,2000,0,0.0,0,0.0,0,0.0
movement_0_1_74.csv,2000,0,0.0,21,1.05,0,0.0
movement_0_1_75.csv,2000,0,0.0,0,0.0,0,0.0
movement_0_1_76.csv,2000,0,0.0,0,0.0,0,0.0
movement_0_1_77.csv,2000,0,0.0,0,0.0,2000,100.0
movement_0_1_78.csv,2000,0,0.0,0,0.0,0,0.0
movement_0_1_79.csv,2000,0,0.0,0,0.0,0,0.0
movement_0_1_80.csv,2000,0,0.0,0,0.0,0,0.0
movement_0_1_81.csv,2000,0,0.0,0,0.0,0,0.0
movement_0_1_82.csv,2000,0,0.0,0,0.0,1010,50.5
movement_0_1_83.csv,2000,0,0.0,0,0.0,0,0.0
movement_0_1_84.csv,2000,0,0.0,25,1.25,328,16.400000000000002
movement_0_1_85.csv,2000,0,0.0,0,0.0,1026,51.300000000000004
movement_0_1_86.csv,2000,0,0.0,0,0.0,2000,100.0
movement_0_1_87.csv,2000,0,0.0,0,0.0,0,0.0
movement_0_1_88.csv,2000,0,0.0,0,0.0,0,0.0
movement_0_1_89.csv,2000,0,0.0,0,0.0,0,0.0
movement_0_1_90.csv,2000,0,0.0,32,1.6,0,0.0
movement_0_1_91.csv,2000,0,0.0,0,0.0,997,49.85
movement_0_1_92.csv,2000,0,0.0,0,0.0,0,0.0
movement_0_1_93.csv,2000,0,0.0,0,0.0,1104,55.2
movement_0_1_94.csv,2000,0,0.0,0,0.0,1041,52.05
movement_0_1_95.csv,2000,0,0.0,0,0.0,0,0.0
movement_0_1_96.csv,2000,0,0.0,10,0.5,0,0.0
movement_0_1_97.csv,2000,0,0.0,0,0.0,1004,50.2
movement_0_1_98.csv,2000,0,0.0,0,0.0,1070,53.5
movement_0_1_99.csv,2000,0,0.0,0,0.0,0,0.0
movement_1_0_0.csv,2000,0,0.0,0,0.0,0,0.0
movement_1_0_1.csv,2000,0,0.0,0,0.0,0,0.0
movement_1_0_2.csv,2000,0,0.0,0,0.0,0,0.0
movement_1_0_3.csv,2000,0,0.0,0,0.0,0,0.0
movement_1_0_4.csv,2000,0,0.0,52,2.6,0,0.0
movement_1_0_5.csv,2000,0,0.0,0,0.0,609,30.45
movement_1_0_6.csv,2000,0,0.0,0,0.0,8,0.4
movement_1_0_7.csv,2000,0,0.0,0,0.0,0,0.0
movement_1_0_8.csv,2000,0,0.0,0,0.0,0,0.0
movement_1_0_9.csv,2000,0,0.0,0,0.0,0,0.0
movement_1_0_10.csv,2000,0,0.0,0,0.0,0,0.0
movement_1_0_11.csv,2000,0,0.0,0,0.0,0,0.0
movement_1_0_12.csv,2000,0,0.0,2,0.1,1010,50.5
movement_1_0_13.csv,2000,0,0.0,0,0.0,1019,50.949999999999996
movement_1_0_14.csv,2000,0,0.0,0,0.0,0,0.0
movement_1_0_15.csv,2000,0,0.0,7,0.35000000000000003,1577,78.85
movement_1_0_16.csv,2000,0,0.0,0,0.0,0,0.0
movement_1_0_17.csv,2000,0,0.0,0,0.0,0,0.0
movement_1_0_18.csv,2000,0,0.0,0,0.0,0,0.0
movement_1_0_19.csv,2000,0,0.0,0,0.0,992,49.6
movement_1_0_20.csv,2000,0,0.0,36,1.7999999999999998,0,0.0
movement_1_0_21.csv,2000,0,0.0,0,0.0,0,0.0
movement_1_0_22.csv,2000,0,0.0,0,0.0,0,0.0
movement_1_0_23.csv,2000,0,0.0,0,0.0,0,0.0
movement_1_0_24.csv,2000,0,0.0,116,5.800000000000001,0,0.0
movement_1_0_25.csv,2000,0,0.0,0,0.0,0,0.0
movement_1_0_26.csv,2000,0,0.0,0,0.0,0,0.0
movement_1_0_27.csv,2000,0,0.0,0,0.0,1009,50.449999999999996
movement_1_0_28.csv,2000,0,0.0,0,0.0,654,32.7
movement_1_0_29.csv,2000,0,0.0,125,6.25,0,0.0
movement_1_0_30.csv,2000,0,0.0,0,0.0,0,0.0
movement_1_0_31.csv,2000,0,0.0,124,6.2,0,0.0
movement_1_0_32.csv,2000,0,0.0,0,0.0,0,0.0
movement_1_0_33.csv,2000,0,0.0,0,0.0,0,0.0
movement_1_0_34.csv,2000,0,0.0,0,0.0,1007,50.349999999999994
movement_1_0_35.csv,2000,0,0.0,0,0.0,996,49.8
movement_1_0_36.csv,2000,0,0.0,0,0.0,0,0.0
movement_1_0_37.csv,2000,0,0.0,0,0.0,0,0.0
movement_1_0_38.csv,2000,0,0.0,0,0.0,0,0.0
movement_1_0_39.csv,2000,0,0.0,0,0.0,0,0.0
movement_1_0_40.csv,2000,0,0.0,0,0.0,0,0.0
movement_1_0_41.csv,2000,0,0.0,0,0.0,0,0.0
movement_1_0_42.csv,2000,0,0.0,0,0.0,0,0.0
movement_1_0_43.csv,2000,0,0.0,0,0.0,0,0.0
movement_1_0_44.csv,2000,0,0.0,50,2.5,0,0.0
movement_1_0_45.csv,2000,0,0.0,0,0.0,1000,50.0
movement_1_0_46.csv,2000,0,0.0,0,0.0,0,0.0
movement_1_0_47.csv,2000,0,0.0,13,0.65,1995,99.75
movement_1_0_48.csv,2000,0,0.0,0,0.0,0,0.0
movement_1_0_49.csv,2000,0,0.0,0,0.0,0,0.0
movement_1_0_50.csv,2000,0,0.0,0,0.0,0,0.0
movement_1_0_51.csv,2000,0,0.0,0,0.0,0,0.0
movement_1_0_52.csv,2000,0,0.0,0,0.0,0,0.0
movement_1_0_53.csv,2000,0,0.0,0,0.0,0,0.0
movement_1_0_54.csv,2000,0,0.0,0,0.0,0,0.0
movement_1_0_55.csv,2000,0,0.0,0,0.0,0,0.0
movement_1_0_56.csv,2000,0,0.0,0,0.0,0,0.0
movement_1_0_57.csv,2000,0,0.0,0,0.0,962,48.1
movement_1_0_58.csv,2000,0,0.0,0,0.0,2000,100.0
movement_1_0_59.csv,2000,0,0.0,0,0.0,0,0.0
movement_1_0_60.csv,2000,0,0.0,0,0.0,0,0.0
movement_1_0_61.csv,2000,0,0.0,0,0.0,0,0.0
movement_1_0_62.csv,2000,0,0.0,0,0.0,0,0.0
movement_1_0_63.csv,2000,0,0.0,0,0.0,0,0.0
movement_1_0_64.csv,2000,0,0.0,0,0.0,0,0.0
movement_1_0_65.csv,2000,0,0.0,0,0.0,0,0.0
movement_1_0_66.csv,2000,0,0.0,0,0.0,0,0.0
movement_1_0_67.csv,2000,0,0.0,0,0.0,2000,100.0
movement_1_0_68.csv,2000,0,0.0,0,0.0,2000,100.0
movement_1_0_69.csv,2000,0,0.0,0,0.0,2000,100.0
movement_1_0_70.csv,2000,0,0.0,0,0.0,2000,100.0
movement_1_0_71.csv,2000,0,0.0,7,0.35000000000000003,1994,99.7
movement_1_0_72.csv,2000,0,0.0,0,0.0,1488,74.4
movement_1_0_73.csv,2000,0,0.0,0,0.0,1503,75.14999999999999
movement_1_0_74.csv,2000,0,0.0,0,0.0,0,0.0
movement_1_0_75.csv,2000,0,0.0,0,0.0,2000,100.0
movement_1_0_76.csv,2000,0,0.0,0,0.0,0,0.0
movement_1_0_77.csv,2000,0,0.0,0,0.0,0,0.0
movement_1_0_78.csv,2000,0,0.0,0,0.0,0,0.0
movement_1_0_79.csv,2000,0,0.0,0,0.0,0,0.0
movement_1_0_80.csv,2000,0,0.0,0,0.0,0,0.0
movement_1_0_81.csv,2000,0,0.0,0,0.0,0,0.0
movement_1_0_82.csv,2000,0,0.0,0,0.0,0,0.0
movement_1_0_83.csv,2000,0,0.0,0,0.0,0,0.0
movement_1_0_84.csv,2000,0,0.0,0,0.0,987,49.35
movement_1_0_85.csv,2000,0,0.0,0,0.0,0,0.0
movement_1_0_86.csv,2000,0,0.0,0,0.0,0,0.0
movement_1_0_87.csv,2000,0,0.0,0,0.0,0,0.0
movement_1_0_88.csv,2000,0,0.0,0,0.0,1007,50.349999999999994
movement_1_0_89.csv,2000,0,0.0,0,0.0,0,0.0
movement_1_0_90.csv,2000,0,0.0,0,0.0,0,0.0
movement_1_0_91.csv,2000,0,0.0,54,2.7,0,0.0
movement_1_0_92.csv,2000,0,0.0,0,0.0,0,0.0
movement_1_0_93.csv,2000,0,0.0,0,0.0,1495,74.75
movement_1_0_94.csv,2000,0,0.0,0,0.0,0,0.0
movement_1_0_95.csv,2000,0,0.0,0,0.0,0,0.0
movement_1_0_96.csv,2000,0,0.0,7,0.35000000000000003,1000,50.0
movement_1_0_97.csv,2000,0,0.0,0,0.0,0,0.0
movement_1_0_98.csv,2000,0,0.0,0,0.0,0,0.0
movement_1_0_99.csv,2000,0,0.0,0,0.0,0,0.0
movement_1_1_0.csv,2000,0,0.0,110,5.5,0,0.0
movement_1_1_1.csv,2000,0,0.0,140,7.000000000000001,0,0.0
movement_1_1_2.csv,2000,0,0.0,57,2.85,0,0.0
movement_1_1_3.csv,2000,0,0.0,0,0.0,992,49.6
movement_1_1_4.csv,2000,0,0.0,461,23.05,0,0.0
movement_1_1_5.csv,2000,0,0.0,34,1.7000000000000002,0,0.0
movement_1_1_6.csv,2000,0,0.0,0,0.0,2000,100.0
movement_1_1_7.csv,2000,0,0.0,125,6.25,0,0.0
movement_1_1_8.csv,2000,0,0.0,61,3.05,1025,51.24999999999999
movement_1_1_9.csv,2000,0,0.0,63,3.15,946,47.3
movement_1_1_10.csv,2000,0,0.0,25,1.25,0,0.0
movement_1_1_11.csv,2000,0,0.0,0,0.0,0,0.0
movement_1_1_12.csv,2000,0,0.0,0,0.0,0,0.0
movement_1_1_13.csv,2000,0,0.0,0,0.0,0,0.0
movement_1_1_14.csv,2000,0,0.0,0,0.0,0,0.0
movement_1_1_15.csv,2000,0,0.0,0,0.0,0,0.0
movement_1_1_16.csv,2000,0,0.0,132,6.6000000000000005,1015,50.74999999999999
movement_1_1_17.csv,2000,0,0.0,0,0.0,0,0.0
movement_1_1_18.csv,2000,0,0.0,0,0.0,990,49.5
movement_1_1_19.csv,2000,0,0.0,28,1.4000000000000001,0,0.0
movement_1_1_20.csv,2000,0,0.0,0,0.0,1983,99.15
movement_1_1_21.csv,2000,0,0.0,0,0.0,0,0.0
movement_1_1_22.csv,2000,0,0.0,93,4.65,1033,51.65
movement_1_1_23.csv,2000,0,0.0,0,0.0,963,48.15
movement_1_1_24.csv,2000,0,0.0,0,0.0,0,0.0
movement_1_1_25.csv,2000,0,0.0,64,3.2,1010,50.5
movement_1_1_26.csv,2000,0,0.0,0,0.0,0,0.0
movement_1_1_27.csv,2000,0,0.0,137,6.8500000000000005,0,0.0
movement_1_1_28.csv,2000,0,0.0,0,0.0,2000,100.0
movement_1_1_29.csv,2000,0,0.0,0,0.0,0,0.0
movement_1_1_30.csv,2000,0,0.0,2,0.1,0,0.0
movement_1_1_31.csv,2000,0,0.0,0,0.0,0,0.0
movement_1_1_32.csv,2000,0,0.0,0,0.0,0,0.0
movement_1_1_33.csv,2000,0,0.0,0,0.0,0,0.0
movement_1_1_34.csv,2000,0,0.0,0,0.0,2000,100.0
movement_1_1_35.csv,2000,0,0.0,41,2.0500000000000003,0,0.0
movement_1_1_36.csv,2000,0,0.0,28,1.4000000000000001,463,23.150000000000002
movement_1_1_37.csv,2000,0,0.0,0,0.0,0,0.0
movement_1_1_38.csv,2000,0,0.0,0,0.0,0,0.0
movement_1_1_39.csv,2000,0,0.0,122,6.1,1007,50.349999999999994
movement_1_1_40.csv,2000,0,0.0,56,2.8000000000000003,0,0.0
movement_1_1_41.csv,2000,0,0.0,33,1.6500000000000001,0,0.0
movement_1_1_42.csv,2000,0,0.0,0,0.0,0,0.0
movement_1_1_43.csv,2000,0,0.0,0,0.0,0,0.0
movement_1_1_44.csv,2000,0,0.0,0,0.0,0,0.0
movement_1_1_45.csv,2000,0,0.0,0,0.0,0,0.0
movement_1_1_46.csv,2000,0,0.0,58,2.9000000000000004,0,0.0
movement_1_1_47.csv,2000,0,0.0,0,0.0,2000,100.0
movement_1_1_48.csv,2000,0,0.0,0,0.0,0,0.0
movement_1_1_49.csv,2000,0,0.0,44,2.1999999999999997,0,0.0
movement_1_1_50.csv,2000,0,0.0,139,6.950000000000001,0,0.0
movement_1_1_51.csv,2000,0,0.0,0,0.0,0,0.0
movement_1_1_52.csv,2000,0,0.0,128,6.4,990,49.5
movement_1_1_53.csv,2000,0,0.0,0,0.0,0,0.0
movement_1_1_54.csv,2000,0,0.0,22,1.0999999999999999,2000,100.0
movement_1_1_55.csv,2000,0,0.0,0,0.0,1515,75.75
movement_1_1_56.csv,2000,0,0.0,264,13.200000000000001,1004,50.2
movement_1_1_57.csv,2000,0,0.0,0,0.0,1499,74.95
movement_1_1_58.csv,2000,0,0.0,0,0.0,2000,100.0
movement_1_1_59.csv,2000,0,0.0,0,0.0,0,0.0
movement_1_1_60.csv,2000,0,0.0,144,7.199999999999999,1049,52.449999999999996
movement_1_1_61.csv,2000,0,0.0,70,3.5000000000000004,0,0.0
movement_1_1_62.csv,2000,0,0.0,239,11.95,2000,100.0
movement_1_1_63.csv,2000,0,0.0,0,0.0,0,0.0
movement_1_1_64.csv,2000,0,0.0,27,1.35,0,0.0
movement_1_1_65.csv,2000,0,0.0,0,0.0,0,0.0
movement_1_1_66.csv,2000,0,0.0,0,0.0,0,0.0
movement_1_1_67.csv,2000,0,0.0,7,0.35000000000000003,1493,74.65
movement_1_1_68.csv,2000,0,0.0,0,0.0,1014,50.7
movement_1_1_69.csv,2000,0,0.0,120,6.0,0,0.0
movement_1_1_70.csv,2000,0,0.0,0,0.0,997,49.85
movement_1_1_71.csv,2000,0,0.0,0,0.0,2000,100.0
movement_1_1_72.csv,2000,0,0.0,0,0.0,0,0.0
movement_1_1_73.csv,2000,0,0.0,33,1.6500000000000001,0,0.0
movement_1_1_74.csv,2000,0,0.0,114,5.7,0,0.0
movement_1_1_75.csv,2000,0,0.0,57,2.85,0,0.0
movement_1_1_76.csv,2000,0,0.0,0,0.0,0,0.0
movement_1_1_77.csv,2000,0,0.0,0,0.0,0,0.0
movement_1_1_78.csv,2000,0,0.0,0,0.0,2000,100.0
movement_1_1_79.csv,2000,0,0.0,73,3.65,0,0.0
movement_1_1_80.csv,2000,0,0.0,136,6.800000000000001,0,0.0
movement_1_1_81.csv,2000,0,0.0,0,0.0,0,0.0
movement_1_1_82.csv,2000,0,0.0,59,2.9499999999999997,0,0.0
movement_1_1_83.csv,2000,0,0.0,0,0.0,0,0.0
movement_1_1_84.csv,2000,0,0.0,20,1.0,0,0.0
movement_1_1_85.csv,2000,0,0.0,0,0.0,0,0.0
movement_1_1_86.csv,2000,0,0.0,0,0.0,0,0.0
movement_1_1_87.csv,2000,4,0.2,0,0.0,4,0.2
movement_1_1_88.csv,2000,0,0.0,134,6.7,0,0.0
movement_1_1_89.csv,2000,0,0.0,0,0.0,2000,100.0
movement_1_1_90.csv,2000,0,0.0,0,0.0,0,0.0
movement_1_1_91.csv,2000,0,0.0,0,0.0,0,0.0
movement_1_1_92.csv,2000,0,0.0,0,0.0,0,0.0
movement_1_1_93.csv,2000,0,0.0,218,10.9,979,48.949999999999996
movement_1_1_94.csv,2000,0,0.0,74,3.6999999999999997,0,0.0
movement_1_1_95.csv,2000,0,0.0,0,0.0,0,0.0
movement_1_1_96.csv,2000,0,0.0,0,0.0,999,49.95
movement_1_1_97.csv,2000,0,0.0,120,6.0,0,0.0
movement_1_1_98.csv,2000,0,0.0,35,1.7500000000000002,0,0.0
movement_1_1_99.csv,2000,0,0.0,8,0.4,986,49.3
movement_2_0_0.csv,2000,0,0.0,0,0.0,2000,100.0
movement_2_0_1.csv,2000,0,0.0,0,0.0,1989,99.45
movement_2_0_2.csv,2000,0,0.0,0,0.0,0,0.0
movement_2_0_3.csv,2000,0,0.0,0,0.0,1762,88.1
movement_2_0_4.csv,2000,0,0.0,130,6.5,1041,52.05
movement_2_0_5.csv,2000,745,37.25,100,5.0,1993,99.65
movement_2_0_6.csv,2000,85,4.25,114,5.7,1988,99.4
movement_2_0_7.csv,2000,890,44.5,0,0.0,985,49.25
movement_2_0_8.csv,2000,0,0.0,0,0.0,1468,73.4
movement_2_0_9.csv,2000,748,37.4,166,8.3,1748,87.4
movement_2_0_10.csv,2000,60,3.0,0,0.0,1772,88.6
movement_2_0_11.csv,2000,0,0.0,0,0.0,1043,52.15
movement_2_0_12.csv,2000,1489,74.45,0,0.0,1027,51.349999999999994
movement_2_0_13.csv,2000,0,0.0,502,25.1,502,25.1
movement_2_0_14.csv,2000,494,24.7,146,7.3,1522,76.1
movement_2_0_15.csv,2000,0,0.0,183,9.15,0,0.0
movement_2_0_16.csv,2000,130,6.5,0,0.0,1749,87.45
movement_2_0_17.csv,2000,0,0.0,324,16.2,0,0.0
movement_2_0_18.csv,2000,0,0.0,25,1.25,0,0.0
movement_2_0_19.csv,2000,0,0.0,8,0.4,1509,75.44999999999999
movement_2_0_20.csv,2000,0,0.0,0,0.0,0,0.0
movement_2_0_21.csv,2000,0,0.0,24,1.2,1714,85.7
movement_2_0_22.csv,2000,0,0.0,0,0.0,1350,67.5
movement_2_0_23.csv,2000,734,36.7,0,0.0,1504,75.2
movement_2_0_24.csv,2000,0,0.0,120,6.0,0,0.0
movement_2_0_25.csv,2000,89,4.45,355,17.75,1992,99.6
movement_2_0_26.csv,2000,0,0.0,61,3.05,1780,89.0
movement_2_0_27.csv,2000,1554,77.7,0,0.0,1146,57.3
movement_2_0_28.csv,2000,768,38.4,0,0.0,992,49.6
movement_2_0_29.csv,2000,0,0.0,135,6.75,1496,74.8
movement_2_0_30.csv,2000,1517,75.85,0,0.0,1480,74.0
movement_2_0_31.csv,2000,0,0.0,0,0.0,990,49.5
movement_2_0_32.csv,2000,789,39.45,0,0.0,0,0.0
movement_2_0_33.csv,2000,0,0.0,0,0.0,1831,91.55
movement_2_0_34.csv,2000,0,0.0,83,4.15,0,0.0
movement_2_0_35.csv,2000,1716,85.8,0,0.0,0,0.0
movement_2_0_36.csv,2000,1410,70.5,0,0.0,0,0.0
movement_2_0_37.csv,2000,747,37.35,392,19.6,1483,74.15
movement_2_0_38.csv,2000,1496,74.8,1,0.05,1825,91.25
movement_2_0_39.csv,2000,0,0.0,0,0.0,1992,99.6
movement_2_0_40.csv,2000,1497,74.85000000000001,0,0.0,980,49.0
movement_2_0_41.csv,2000,0,0.0,0,0.0,1812,90.60000000000001
movement_2_0_42.csv,2000,0,0.0,1344,67.2,1916,95.8
movement_2_0_43.csv,2000,500,25.0,0,0.0,0,0.0
movement_2_0_44.csv,2000,0,0.0,0,0.0,1010,50.5
movement_2_0_45.csv,2000,0,0.0,0,0.0,1023,51.15
movement_2_0_46.csv,2000,0,0.0,0,0.0,804,40.2
movement_2_0_47.csv,2000,0,0.0,366,18.3,1997,99.85000000000001
movement_2_0_48.csv,2000,0,0.0,249,12.45,0,0.0
movement_2_0_49.csv,2000,998,49.9,0,0.0,0,0.0
movement_2_0_50.csv,2000,303,15.15,0,0.0,984,49.2
movement_2_0_51.csv,2000,747,37.35,0,0.0,991,49.55
movement_2_0_52.csv,2000,0,0.0,0,0.0,2000,100.0
movement_2_0_53.csv,2000,1021,51.05,0,0.0,1045,52.25
movement_2_0_54.csv,2000,499,24.95,0,0.0,2000,100.0
movement_2_0_55.csv,2000,0,0.0,124,6.2,1501,75.05
movement_2_0_56.csv,2000,0,0.0,0,0.0,0,0.0
movement_2_0_57.csv,2000,1492,74.6,0,0.0,981,49.05
movement_2_0_58.csv,2000,442,22.1,131,6.550000000000001,2000,100.0
movement_2_0_59.csv,2000,723,36.15,27,1.35,970,48.5
movement_2_0_60.csv,2000,1491,74.55000000000001,0,0.0,981,49.05
movement_2_0_61.csv,2000,0,0.0,0,0.0,971,48.55
movement_2_0_62.csv,2000,0,0.0,360,18.0,1430,71.5
movement_2_0_63.csv,2000,1494,74.7,0,0.0,1054,52.7
movement_2_0_64.csv,2000,1491,74.55000000000001,0,0.0,983,49.15
movement_2_0_65.csv,2000,0,0.0,0,0.0,959,47.949999999999996
movement_2_0_66.csv,2000,0,0.0,250,12.5,0,0.0
movement_2_0_67.csv,2000,760,38.0,49,2.45,972,48.6
movement_2_0_68.csv,2000,0,0.0,307,15.35,998,49.9
movement_2_0_69.csv,2000,888,44.4,0,0.0,0,0.0
movement_2_0_70.csv,2000,0,0.0,1,0.05,1040,52.0
movement_2_0_71.csv,2000,1494,74.7,0,0.0,1885,94.25
movement_2_0_72.csv,2000,1019,50.949999999999996,0,0.0,0,0.0
movement_2_0_73.csv,2000,990,49.5,71,3.55,1720,86.0
movement_2_0_74.csv,2000,0,0.0,0,0.0,0,0.0
movement_2_0_75.csv,2000,0,0.0,0,0.0,0,0.0
movement_2_0_76.csv,2000,1497,74.85000000000001,0,0.0,1673,83.65
movement_2_0_77.csv,2000,1042,52.1,0,0.0,1773,88.64999999999999
movement_2_0_78.csv,2000,701,35.05,0,0.0,1662,83.1
movement_2_0_79.csv,2000,0,0.0,0,0.0,0,0.0
movement_2_0_80.csv,2000,760,38.0,200,10.0,515,25.75
movement_2_0_81.csv,2000,0,0.0,2,0.1,2000,100.0
movement_2_0_82.csv,2000,1023,51.15,0,0.0,1765,88.25
movement_2_0_83.csv,2000,1497,74.85000000000001,0,0.0,1031,51.55
movement_2_0_84.csv,2000,0,0.0,0,0.0,0,0.0
movement_2_0_85.csv,2000,1992,99.6,1,0.05,1997,99.85000000000001
movement_2_0_86.csv,2000,1495,74.75,0,0.0,1007,50.349999999999994
movement_2_0_87.csv,2000,48,2.4,0,0.0,2000,100.0
movement_2_0_88.csv,2000,0,0.0,0,0.0,1007,50.349999999999994
movement_2_0_89.csv,2000,0,0.0,0,0.0,0,0.0
movement_2_0_90.csv,2000,0,0.0,224,11.200000000000001,0,0.0
movement_2_0_91.csv,2000,1456,72.8,20,1.0,1997,99.85000000000001
movement_2_0_92.csv,2000,124,6.2,8,0.4,1995,99.75
movement_2_0_93.csv,2000,499,24.95,1,0.05,1741,87.05000000000001
movement_2_0_94.csv,2000,667,33.35,0,0.0,985,49.25
movement_2_0_95.csv,2000,773,38.65,0,0.0,0,0.0
movement_2_0_96.csv,2000,1517,75.85,4,0.2,997,49.85
movement_2_0_97.csv,2000,1495,74.75,0,0.0,1031,51.55
movement_2_0_98.csv,2000,0,0.0,0,0.0,0,0.0
movement_2_0_99.csv,2000,0,0.0,0,0.0,1772,88.6
movement_2_1_0.csv,2000,0,0.0,0,0.0,0,0.0
movement_2_1_1.csv,2000,0,0.0,24,1.2,0,0.0
movement_2_1_2.csv,2000,0,0.0,41,2.0500000000000003,0,0.0
movement_2_1_3.csv,2000,0,0.0,0,0.0,0,0.0
movement_2_1_4.csv,2000,0,0.0,0,0.0,1028,51.4
movement_2_1_5.csv,2000,0,0.0,105,5.25,1028,51.4
movement_2_1_6.csv,2000,995,49.75,32,1.6,0,0.0
movement_2_1_7.csv,2000,0,0.0,0,0.0,0,0.0
movement_2_1_8.csv,2000,0,0.0,0,0.0,0,0.0
movement_2_1_9.csv,2000,0,0.0,0,0.0,1549,77.45
movement_2_1_10.csv,2000,0,0.0,61,3.05,0,0.0
movement_2_1_11.csv,2000,0,0.0,0,0.0,0,0.0
movement_2_1_12.csv,2000,0,0.0,0,0.0,0,0.0
movement_2_1_13.csv,2000,0,0.0,0,0.0,0,0.0
movement_2_1_14.csv,2000,0,0.0,0,0.0,0,0.0
movement_2_1_15.csv,2000,0,0.0,0,0.0,0,0.0
movement_2_1_16.csv,2000,0,0.0,0,0.0,0,0.0
movement_2_1_17.csv,2000,0,0.0,0,0.0,0,0.0
movement_2_1_18.csv,2000,0,0.0,0,0.0,0,0.0
movement_2_1_19.csv,2000,0,0.0,0,0.0,0,0.0
movement_2_1_20.csv,2000,0,0.0,0,0.0,0,0.0
movement_2_1_21.csv,2000,0,0.0,0,0.0,516,25.8
movement_2_1_22.csv,2000,0,0.0,0,0.0,0,0.0
movement_2_1_23.csv,2000,0,0.0,77,3.85,0,0.0
movement_2_1_24.csv,2000,0,0.0,0,0.0,0,0.0
movement_2_1_25.csv,2000,0,0.0,0,0.0,2000,100.0
movement_2_1_26.csv,2000,0,0.0,82,4.1000000000000005,1008,50.4
movement_2_1_27.csv,2000,0,0.0,0,0.0,1501,75.05
movement_2_1_28.csv,2000,2000,100.0,0,0.0,2000,100.0
movement_2_1_29.csv,2000,0,0.0,62,3.1,0,0.0
movement_2_1_30.csv,2000,0,0.0,34,1.7000000000000002,0,0.0
movement_2_1_31.csv,2000,0,0.0,65,3.25,0,0.0
movement_2_1_32.csv,2000,0,0.0,0,0.0,0,0.0
movement_2_1_33.csv,2000,0,0.0,0,0.0,0,0.0
movement_2_1_34.csv,2000,0,0.0,61,3.05,0,0.0
movement_2_1_35.csv,2000,0,0.0,0,0.0,1000,50.0
movement_2_1_36.csv,2000,0,0.0,0,0.0,0,0.0
movement_2_1_37.csv,2000,0,0.0,0,0.0,0,0.0
movement_2_1_38.csv,2000,0,0.0,73,3.65,0,0.0
movement_2_1_39.csv,2000,0,0.0,0,0.0,0,0.0
movement_2_1_40.csv,2000,0,0.0,112,5.6000000000000005,1767,88.35
movement_2_1_41.csv,2000,0,0.0,0,0.0,2000,100.0
movement_2_1_42.csv,2000,0,0.0,0,0.0,0,0.0
movement_2_1_43.csv,2000,0,0.0,122,6.1,0,0.0
movement_2_1_44.csv,2000,0,0.0,0,0.0,1001,50.05
movement_2_1_45.csv,2000,0,0.0,9,0.44999999999999996,0,0.0
movement_2_1_46.csv,2000,0,0.0,0,0.0,1916,95.8
movement_2_1_47.csv,2000,0,0.0,0,0.0,0,0.0
movement_2_1_48.csv,2000,0,0.0,0,0.0,0,0.0
movement_2_1_49.csv,2000,0,0.0,0,0.0,0,0.0
movement_2_1_50.csv,2000,0,0.0,0,0.0,0,0.0
movement_2_1_51.csv,2000,0,0.0,0,0.0,0,0.0
movement_2_1_52.csv,2000,0,0.0,0,0.0,1938,96.89999999999999
movement_2_1_53.csv,2000,0,0.0,27,1.35,0,0.0
movement_2_1_54.csv,2000,0,0.0,0,0.0,0,0.0
movement_2_1_55.csv,2000,0,0.0,0,0.0,957,47.85
movement_2_1_56.csv,2000,0,0.0,0,0.0,0,0.0
movement_2_1_57.csv,2000,0,0.0,0,0.0,0,0.0
movement_2_1_58.csv,2000,0,0.0,0,0.0,0,0.0
movement_2_1_59.csv,2000,0,0.0,2,0.1,994,49.7
movement_2_1_60.csv,2000,0,0.0,0,0.0,2000,100.0
movement_2_1_61.csv,2000,0,0.0,63,3.15,0,0.0
movement_2_1_62.csv,2000,0,0.0,0,0.0,0,0.0
movement_2_1_63.csv,2000,0,0.0,0,0.0,956,47.8
movement_2_1_64.csv,2000,0,0.0,0,0.0,0,0.0
movement_2_1_65.csv,2000,0,0.0,0,0.0,0,0.0
movement_2_1_66.csv,2000,0,0.0,0,0.0,0,0.0
movement_2_1_67.csv,2000,0,0.0,0,0.0,0,0.0
movement_2_1_68.csv,2000,0,0.0,0,0.0,0,0.0
movement_2_1_69.csv,2000,0,0.0,0,0.0,2000,100.0
movement_2_1_70.csv,2000,0,0.0,0,0.0,0,0.0
movement_2_1_71.csv,2000,0,0.0,123,6.15,0,0.0
movement_2_1_72.csv,2000,0,0.0,0,0.0,2000,100.0
movement_2_1_73.csv,2000,0,0.0,0,0.0,0,0.0
movement_2_1_74.csv,2000,0,0.0,0,0.0,2000,100.0
movement_2_1_75.csv,2000,0,0.0,413,20.65,503,25.15
movement_2_1_76.csv,2000,0,0.0,0,0.0,1037,51.849999999999994
movement_2_1_77.csv,2000,0,0.0,58,2.9000000000000004,1020,51.0
movement_2_1_78.csv,2000,0,0.0,0,0.0,1004,50.2
movement_2_1_79.csv,2000,0,0.0,0,0.0,0,0.0
movement_2_1_80.csv,2000,0,0.0,0,0.0,0,0.0
movement_2_1_81.csv,2000,0,0.0,86,4.3,1005,50.24999999999999
movement_2_1_82.csv,2000,0,0.0,0,0.0,1486,74.3
movement_2_1_83.csv,2000,0,0.0,0,0.0,0,0.0
movement_2_1_84.csv,2000,0,0.0,0,0.0,0,0.0
movement_2_1_85.csv,2000,0,0.0,0,0.0,0,0.0
movement_2_1_86.csv,2000,0,0.0,0,0.0,0,0.0
movement_2_1_87.csv,2000,0,0.0,0,0.0,0,0.0
movement_2_1_88.csv,2000,0,0.0,29,1.4500000000000002,0,0.0
movement_2_1_89.csv,2000,0,0.0,0,0.0,0,0.0
movement_2_1_90.csv,2000,0,0.0,31,1.55,0,0.0
movement_2_1_91.csv,2000,0,0.0,0,0.0,2000,100.0
movement_2_1_92.csv,2000,0,0.0,0,0.0,0,0.0
movement_2_1_93.csv,2000,0,0.0,0,0.0,2000,100.0
movement_2_1_94.csv,2000,1017,50.849999999999994,0,0.0,0,0.0
movement_2_1_95.csv,2000,0,0.0,0,0.0,1010,50.5
movement_2_1_96.csv,2000,0,0.0,0,0.0,0,0.0
movement_2_1_97.csv,2000,0,0.0,0,0.0,0,0.0
movement_2_1_98.csv,2000,0,0.0,0,0.0,1499,74.95
movement_2_1_99.csv,2000,0,0.0,1,0.05,0,0.0
movement_3_0_0.csv,2000,0,0.0,0,0.0,2000,100.0
movement_3_0_1.csv,2000,0,0.0,0,0.0,1037,51.849999999999994
movement_3_0_2.csv,2000,0,0.0,68,3.4000000000000004,944,47.199999999999996
movement_3_0_3.csv,2000,0,0.0,0,0.0,1479,73.95
movement_3_0_4.csv,2000,0,0.0,0,0.0,989,49.45
movement_3_0_5.csv,2000,0,0.0,0,0.0,0,0.0
movement_3_0_6.csv,2000,0,0.0,0,0.0,0,0.0
movement_3_0_7.csv,2000,0,0.0,0,0.0,990,49.5
movement_3_0_8.csv,2000,0,0.0,0,0.0,1464,73.2
movement_3_0_9.csv,2000,0,0.0,0,0.0,1049,52.449999999999996
movement_3_0_10.csv,2000,0,0.0,0,0.0,0,0.0
movement_3_0_11.csv,2000,0,0.0,132,6.6000000000000005,330,16.5
movement_3_0_12.csv,2000,0,0.0,0,0.0,0,0.0
movement_3_0_13.csv,2000,0,0.0,0,0.0,2000,100.0
movement_3_0_14.csv,2000,0,0.0,0,0.0,1492,74.6
movement_3_0_15.csv,2000,0,0.0,0,0.0,987,49.35
movement_3_0_16.csv,2000,0,0.0,0,0.0,0,0.0
movement_3_0_17.csv,2000,0,0.0,0,0.0,1494,74.7
movement_3_0_18.csv,2000,0,0.0,4,0.2,1637,81.85
movement_3_0_19.csv,2000,0,0.0,0,0.0,1528,76.4
movement_3_0_20.csv,2000,0,0.0,0,0.0,1492,74.6
movement_3_0_21.csv,2000,0,0.0,0,0.0,999,49.95
movement_3_0_22.csv,2000,0,0.0,0,0.0,1016,50.8
movement_3_0_23.csv,2000,0,0.0,0,0.0,1489,74.45
movement_3_0_24.csv,2000,0,0.0,0,0.0,1535,76.75
movement_3_0_25.csv,2000,0,0.0,0,0.0,0,0.0
movement_3_0_26.csv,2000,0,0.0,0,0.0,1608,80.4
movement_3_0_27.csv,2000,0,0.0,0,0.0,0,0.0
movement_3_0_28.csv,2000,0,0.0,0,0.0,2000,100.0
movement_3_0_29.csv,2000,0,0.0,0,0.0,0,0.0
movement_3_0_30.csv,2000,0,0.0,0,0.0,995,49.75
movement_3_0_31.csv,2000,0,0.0,139,6.950000000000001,0,0.0
movement_3_0_32.csv,2000,0,0.0,0,0.0,1497,74.85000000000001
movement_3_0_33.csv,2000,0,0.0,0,0.0,995,49.75
movement_3_0_34.csv,2000,0,0.0,0,0.0,1022,51.1
movement_3_0_35.csv,2000,0,0.0,0,0.0,981,49.05
movement_3_0_36.csv,2000,0,0.0,0,0.0,1484,74.2
movement_3_0_37.csv,2000,0,0.0,0,0.0,1465,73.25
movement_3_0_38.csv,2000,0,0.0,0,0.0,1017,50.849999999999994
movement_3_0_39.csv,2000,0,0.0,0,0.0,1001,50.05
movement_3_0_40.csv,2000,0,0.0,0,0.0,2000,100.0
movement_3_0_41.csv,2000,0,0.0,0,0.0,1521,76.05
movement_3_0_42.csv,2000,0,0.0,6,0.3,0,0.0
movement_3_0_43.csv,2000,0,0.0,0,0.0,1063,53.15
movement_3_0_44.csv,2000,0,0.0,0,0.0,1022,51.1
movement_3_0_45.csv,2000,0,0.0,0,0.0,1755,87.75
movement_3_0_46.csv,2000,0,0.0,0,0.0,1034,51.7
movement_3_0_47.csv,2000,0,0.0,0,0.0,1480,74.0
movement_3_0_48.csv,2000,0,0.0,256,12.8,1452,72.6
movement_3_0_49.csv,2000,0,0.0,0,0.0,1500,75.0
movement_3_0_50.csv,2000,0,0.0,0,0.0,1505,75.25
movement_3_0_51.csv,2000,0,0.0,0,0.0,1998,99.9
movement_3_0_52.csv,2000,0,0.0,0,0.0,0,0.0
movement_3_0_53.csv,2000,0,0.0,0,0.0,1513,75.64999999999999
movement_3_0_54.csv,2000,0,0.0,0,0.0,997,49.85
movement_3_0_55.csv,2000,0,0.0,40,2.0,971,48.55
movement_3_0_56.csv,2000,0,0.0,0,0.0,0,0.0
movement_3_0_57.csv,2000,0,0.0,81,4.05,0,0.0
movement_3_0_58.csv,2000,0,0.0,0,0.0,1519,75.94999999999999
movement_3_0_59.csv,2000,0,0.0,0,0.0,0,0.0
movement_3_0_60.csv,2000,0,0.0,0,0.0,1588,79.4
movement_3_0_61.csv,2000,0,0.0,0,0.0,1473,73.65
movement_3_0_62.csv,2000,0,0.0,0,0.0,1400,70.0
movement_3_0_63.csv,2000,0,0.0,0,0.0,1500,75.0
movement_3_0_64.csv,2000,0,0.0,0,0.0,2000,100.0
movement_3_0_65.csv,2000,0,0.0,0,0.0,1491,74.55000000000001
movement_3_0_66.csv,2000,0,0.0,0,0.0,1015,50.74999999999999
movement_3_0_67.csv,2000,0,0.0,248,12.4,1031,51.55
movement_3_0_68.csv,2000,0,0.0,0,0.0,962,48.1
movement_3_0_69.csv,2000,0,0.0,584,29.2,987,49.35
movement_3_0_70.csv,2000,0,0.0,0,0.0,1483,74.15
movement_3_0_71.csv,2000,0,0.0,0,0.0,1039,51.949999999999996
movement_3_0_72.csv,2000,0,0.0,0,0.0,1526,76.3
movement_3_0_73.csv,2000,0,0.0,0,0.0,1024,51.2
movement_3_0_74.csv,2000,0,0.0,0,0.0,1757,87.85
movement_3_0_75.csv,2000,0,0.0,0,0.0,1498,74.9
movement_3_0_76.csv,2000,0,0.0,0,0.0,969,48.449999999999996
movement_3_0_77.csv,2000,0,0.0,0,0.0,0,0.0
movement_3_0_78.csv,2000,0,0.0,0,0.0,1481,74.05000000000001
movement_3_0_79.csv,2000,0,0.0,0,0.0,1030,51.5
movement_3_0_80.csv,2000,0,0.0,0,0.0,1485,74.25
movement_3_0_81.csv,2000,0,0.0,0,0.0,1740,87.0
movement_3_0_82.csv,2000,0,0.0,0,0.0,1031,51.55
movement_3_0_83.csv,2000,0,0.0,0,0.0,1610,80.5
movement_3_0_84.csv,2000,0,0.0,0,0.0,0,0.0
movement_3_0_85.csv,2000,0,0.0,0,0.0,999,49.95
movement_3_0_86.csv,2000,0,0.0,0,0.0,1492,74.6
movement_3_0_87.csv,2000,0,0.0,300,15.0,1519,75.94999999999999
movement_3_0_88.csv,2000,0,0.0,68,3.4000000000000004,0,0.0
movement_3_0_89.csv,2000,0,0.0,0,0.0,0,0.0
movement_3_0_90.csv,2000,0,0.0,0,0.0,0,0.0
movement_3_0_91.csv,2000,0,0.0,0,0.0,992,49.6
movement_3_0_92.csv,2000,0,0.0,0,0.0,1465,73.25
movement_3_0_93.csv,2000,0,0.0,0,0.0,0,0.0
movement_3_0_94.csv,2000,0,0.0,0,0.0,1027,51.349999999999994
movement_3_0_95.csv,2000,0,0.0,0,0.0,0,0.0
movement_3_0_96.csv,2000,0,0.0,0,0.0,0,0.0
movement_3_0_97.csv,2000,0,0.0,0,0.0,1470,73.5
movement_3_0_98.csv,2000,0,0.0,0,0.0,0,0.0
movement_3_0_99.csv,2000,0,0.0,0,0.0,1033,51.65
movement_3_1_0.csv,2000,0,0.0,247,12.35,0,0.0
movement_3_1_1.csv,2000,0,0.0,256,12.8,0,0.0
movement_3_1_2.csv,2000,0,0.0,0,0.0,0,0.0
movement_3_1_3.csv,2000,0,0.0,0,0.0,0,0.0
movement_3_1_4.csv,2000,0,0.0,249,12.45,2000,100.0
movement_3_1_5.csv,2000,0,0.0,241,12.049999999999999,0,0.0
movement_3_1_6.csv,2000,0,0.0,114,5.7,1023,51.15
movement_3_1_7.csv,2000,0,0.0,535,26.75,0,0.0
movement_3_1_8.csv,2000,0,0.0,265,13.25,0,0.0
movement_3_1_9.csv,2000,0,0.0,0,0.0,1008,50.4
movement_3_1_10.csv,2000,0,0.0,117,5.8500000000000005,0,0.0
movement_3_1_11.csv,2000,0,0.0,246,12.3,0,0.0
movement_3_1_12.csv,2000,0,0.0,255,12.75,0,0.0
movement_3_1_13.csv,2000,0,0.0,0,0.0,0,0.0
movement_3_1_14.csv,2000,0,0.0,49,2.45,0,0.0
movement_3_1_15.csv,2000,0,0.0,61,3.05,1022,51.1
movement_3_1_16.csv,2000,0,0.0,239,11.95,0,0.0
movement_3_1_17.csv,2000,0,0.0,231,11.55,0,0.0
movement_3_1_18.csv,2000,0,0.0,124,6.2,0,0.0
movement_3_1_19.csv,2000,0,0.0,0,0.0,2000,100.0
movement_3_1_20.csv,2000,0,0.0,237,11.85,0,0.0
movement_3_1_21.csv,2000,0,0.0,4,0.2,0,0.0
movement_3_1_22.csv,2000,0,0.0,233,11.65,0,0.0
movement_3_1_23.csv,2000,0,0.0,262,13.100000000000001,0,0.0
movement_3_1_24.csv,2000,0,0.0,267,13.350000000000001,0,0.0
movement_3_1_25.csv,2000,0,0.0,281,14.05,0,0.0
movement_3_1_26.csv,2000,0,0.0,237,11.85,0,0.0
movement_3_1_27.csv,2000,0,0.0,227,11.35,0,0.0
movement_3_1_28.csv,2000,0,0.0,0,0.0,0,0.0
movement_3_1_29.csv,2000,0,0.0,244,12.2,0,0.0
movement_3_1_30.csv,2000,0,0.0,0,0.0,0,0.0
movement_3_1_31.csv,2000,0,0.0,0,0.0,0,0.0
movement_3_1_32.csv,2000,0,0.0,0,0.0,0,0.0
movement_3_1_33.csv,2000,0,0.0,261,13.05,0,0.0
movement_3_1_34.csv,2000,0,0.0,244,12.2,0,0.0
movement_3_1_35.csv,2000,0,0.0,252,12.6,0,0.0
movement_3_1_36.csv,2000,0,0.0,251,12.55,1000,50.0
movement_3_1_37.csv,2000,0,0.0,251,12.55,0,0.0
movement_3_1_38.csv,2000,0,0.0,122,6.1,0,0.0
movement_3_1_39.csv,2000,0,0.0,230,11.5,0,0.0
movement_3_1_40.csv,2000,0,0.0,242,12.1,0,0.0
movement_3_1_41.csv,2000,0,0.0,234,11.700000000000001,0,0.0
movement_3_1_42.csv,2000,0,0.0,248,12.4,0,0.0
movement_3_1_43.csv,2000,0,0.0,230,11.5,0,0.0
movement_3_1_44.csv,2000,0,0.0,22,1.0999999999999999,0,0.0
movement_3_1_45.csv,2000,0,0.0,227,11.35,0,0.0
movement_3_1_46.csv,2000,0,0.0,112,5.6000000000000005,0,0.0
movement_3_1_47.csv,2000,0,0.0,240,12.0,0,0.0
movement_3_1_48.csv,2000,0,0.0,470,23.5,0,0.0
movement_3_1_49.csv,2000,0,0.0,0,0.0,0,0.0
movement_3_1_50.csv,2000,0,0.0,250,12.5,0,0.0
movement_3_1_51.csv,2000,0,0.0,0,0.0,0,0.0
movement_3_1_52.csv,2000,0,0.0,232,11.600000000000001,1021,51.05
movement_3_1_53.csv,2000,0,0.0,262,13.100000000000001,0,0.0
movement_3_1_54.csv,2000,0,0.0,0,0.0,0,0.0
movement_3_1_55.csv,2000,0,0.0,0,0.0,0,0.0
movement_3_1_56.csv,2000,0,0.0,0,0.0,0,0.0
movement_3_1_57.csv,2000,0,0.0,259,12.950000000000001,0,0.0
movement_3_1_58.csv,2000,0,0.0,0,0.0,1018,50.9
movement_3_1_59.csv,2000,0,0.0,233,11.65,0,0.0
movement_3_1_60.csv,2000,0,0.0,0,0.0,0,0.0
movement_3_1_61.csv,2000,0,0.0,69,3.45,0,0.0
movement_3_1_62.csv,2000,0,0.0,0,0.0,0,0.0
movement_3_1_63.csv,2000,0,0.0,247,12.35,0,0.0
movement_3_1_64.csv,2000,0,0.0,240,12.0,0,0.0
movement_3_1_65.csv,2000,0,0.0,4,0.2,0,0.0
movement_3_1_66.csv,2000,0,0.0,242,12.1,0,0.0
movement_3_1_67.csv,2000,0,0.0,506,25.3,0,0.0
movement_3_1_68.csv,2000,0,0.0,11,0.5499999999999999,0,0.0
movement_3_1_69.csv,2000,0,0.0,233,11.65,0,0.0
movement_3_1_70.csv,2000,0,0.0,129,6.45,0,0.0
movement_3_1_71.csv,2000,0,0.0,242,12.1,0,0.0
movement_3_1_72.csv,2000,0,0.0,0,0.0,989,49.45
movement_3_1_73.csv,2000,0,0.0,0,0.0,0,0.0
movement_3_1_74.csv,2000,0,0.0,236,11.799999999999999,0,0.0
movement_3_1_75.csv,2000,0,0.0,0,0.0,2000,100.0
movement_3_1_76.csv,2000,0,0.0,242,12.1,0,0.0
movement_3_1_77.csv,2000,0,0.0,0,0.0,954,47.699999999999996
movement_3_1_78.csv,2000,0,0.0,0,0.0,0,0.0
movement_3_1_79.csv,2000,0,0.0,0,0.0,0,0.0
movement_3_1_80.csv,2000,0,0.0,66,3.3000000000000003,2000,100.0
movement_3_1_81.csv,2000,0,0.0,257,12.85,0,0.0
movement_3_1_82.csv,2000,0,0.0,137,6.8500000000000005,0,0.0
movement_3_1_83.csv,2000,0,0.0,522,26.1,0,0.0
movement_3_1_84.csv,2000,0,0.0,259,12.950000000000001,0,0.0
movement_3_1_85.csv,2000,0,0.0,120,6.0,0,0.0
movement_3_1_86.csv,2000,0,0.0,0,0.0,0,0.0
movement_3_1_87.csv,2000,0,0.0,249,12.45,1015,50.74999999999999
movement_3_1_88.csv,2000,0,0.0,118,5.8999999999999995,0,0.0
movement_3_1_89.csv,2000,0,0.0,123,6.15,0,0.0
movement_3_1_90.csv,2000,0,0.0,490,24.5,0,0.0
movement_3_1_91.csv,2000,0,0.0,0,0.0,1027,51.349999999999994
movement_3_1_92.csv,2000,0,0.0,266,13.3,0,0.0
movement_3_1_93.csv,2000,0,0.0,0,0.0,0,0.0
movement_3_1_94.csv,2000,0,0.0,243,12.15,1000,50.0
movement_3_1_95.csv,2000,0,0.0,229,11.450000000000001,0,0.0
movement_3_1_96.csv,2000,0,0.0,122,6.1,0,0.0
movement_3_1_97.csv,2000,0,0.0,280,14.000000000000002,0,0.0
movement_3_1_98.csv,2000,0,0.0,242,12.1,0,0.0
movement_3_1_99.csv,2000,0,0.0,0,0.0,0,0.0
